<?xml version="1.0" encoding="utf-8"?>
<configuration>
  <system.webServer>
    <webSocket enabled="false" />
    <handlers>
      <add name="iisnode" path="server.js" verb="*" modules="iisnode"/>
    </handlers>
    <rewrite>
      <rules>
        <rule name="DynamicContent">
          <conditions>
            <add input="{REQUEST_FILENAME}" matchType="IsFile" negate="True"/>
          </conditions>
          <action type="Rewrite" url="server.js"/>
        </rule>
      </rules>
    </rewrite>
    <security>
      <requestFiltering>
        <hiddenSegments>
          <remove segment="bin"/>
        </hiddenSegments>
      </requestFiltering>
    </security>
    <httpErrors existingResponse="PassThrough" />
    <iisnode watchedFiles="web.config;*.js"/>
  </system.webServer>
</configuration>